0.31678345739300906;-0.4934170968496873
1.217945810732723;0.43677076291530953
-0.7276926737493439;0.4303074387970929
-0.686665322407783;-0.45301800688497423
-0.7328592057475519;-0.7536274296613148
-0.8325189244516618;0.44987186700987064
1.8075230399832747;-0.4895313637067342
0.8815887432384311;-0.6983408720762916
-0.04997470437498782;1.9075223632308842
-0.3276226741106594;1.150031852142896
-0.448680178909367;-1.0893038649387463
3.1536883150948114;0.43117868731923215
0.7338898513139304;-0.5882106044374845
-0.26371766368575805;-0.713346280395537
0.6694688284394823;1.0579150262936683
1.060707541128374;1.0252745283124045
-0.3050483339898594;0.6599432528478352
0.29424690547731225;-0.13186925736879124
0.27988336834667893;-0.5925907783488773
-0.649612863441859;-0.9799792355413195
1.2062959692538453;0.8326009451612109
0.5469159790564958;0.7136432300412827
1.5141311153984216;0.51738807978975
-0.16981450584950802;-2.3304352406045643
0.7655196441168464;-0.597966227969739
1.8175246000271117;-0.5133985211657176
-0.0033459914828192438;0.7473361038731651
0.23320387588055508;-0.5855456350348512
-0.2162682383917781;-1.3105535836885935
-0.09534245011071611;-0.1236640431599101
1.4477068591980127;-0.6519419192083306
-0.05235182249289221;-1.0334115220095916
-0.7409224113386148;-0.3119396780697042
-0.6746546583583777;1.1234257023906216
-0.11115753838730613;1.0284757740907229
0.06879700638894919;-2.4099677428666966
-0.12285363250326901;1.0809761623272456
0.6555227062073996;-0.8689449076367418
-0.70864394426363;1.1042574537452003
0.27347508505490026;-0.4803289186420463
-0.3358151926426373;-0.273747847885217
-0.5742469002409833;-0.6023207872533569
0.7230914831998844;-1.4193179361298447
-0.6398826115295855;-0.5132495100916233
-1.4651508344553499;1.0000381810068375
0.14325922782866804;1.2585765719927116
-2.0035807309137637;-0.9083382784083824
0.9149284705462493;0.004384382576076675
-0.034308843039307736;-0.4982958420610614
-0.09435219250442572;1.0792954167220774
0.026151881076346018;0.31028528255985677
-1.455247439170851;0.636495621316255
-0.47100887413435916;0.5379516454244233
0.5368401406505114;0.24918070605153247
0.5294332573670413;0.7605449980360808
-0.3712029418684441;-1.442112050506998
-0.9902096930993034;-0.16494092236368244
0.657474856509981;0.2405886619461574
-0.33304771049299653;0.9205594447807838
0.45690571372283567;0.4910592946300389
-0.012435733147167288;1.0115374070856435
1.2965159951040102;-0.23365915259766692
0.5385924261971973;-0.22310864052902052
-1.2704610307447197;-0.6868461035317975
-0.019271709979651653;-1.254958764045542
-0.19171016121509118;0.6515608249529382
1.9583008769069317;-3.048282641513441
-1.0456807771652545;-0.5247935023784945
-0.8399420247421261;0.36679672201745345
0.00447643387009871;0.5519927401755084
-0.31599377623064523;0.028406595718638832
0.32245913565570083;-0.6106346214364312
-1.5756142224272318;0.8907533840287247
-0.08698633341108088;0.1449069704626837
0.8440313146975339;1.1240965894776092
-1.463372959331155;0.9503357346601597
0.7755167899034586;-1.1356730297878619
0.41733794139157715;-1.4997469993537946
0.3713536071486142;0.5251152022696273
-1.6461634992921106;-1.4547993844157465
-0.21841806172463976;-0.56239940680361
-0.4638259368376107;-1.5728368790297325
-1.4222602273689529;-2.7709151991255387
-0.7498025503177019;-0.45741801817495054
0.8171463455976112;0.5826552520900032
-0.5238407625129048;-0.10829824822716318
-1.2557649472478227;-0.09187892884443742
0.6683462441383797;-0.7399190767657939
0.786408643504687;-1.4416321713822817
-0.8268958035640889;0.6497457610466606
-0.9652522523222397;0.7293341192541045
0.626439281312563;-0.0599785532108055
-0.5504398037386893;1.713713728307509
0.8539506450835319;-1.389330542179614
0.028553398307465887;0.9159057853120888
-1.177143473872234;0.30473507406623535
-0.14380463074339378;0.9485018876560449
0.7497512315795823;-0.940334949990642
0.9093682899127763;-0.05846395113711303
-1.0206554048122343;-0.6030905156107899
-0.024311646763523934;0.43972161508452773
-0.4924632837170918;-1.5883848214980674
0.04148896329397888;-1.1058071175496706
0.21201424970609414;-0.8691463901936406
-0.6314203158522775;-1.7242372415695149
-1.0379602290841206;0.7487951575093569
0.8308878200283781;0.8881801083451306
-0.5325968536460675;-1.0971527945066586
-1.6573113251836207;-0.562696316538879
-0.44394025782189833;-1.3965513465914619
0.36242751469969825;-0.5691801579072736
1.0344954636297274;0.18079984424686418
0.5814569574586215;-1.5633242229268114
-2.790417055467619;-0.8818059350289501
1.298815789668274;-0.4537753950089313
1.2856533165452548;-0.21918181684878008
-1.1063620508497236;-1.2310625524646859
0.157600677844524;-1.446908941844437
-1.0446845393265989;-0.3356953691966218
-0.6440403619862556;-0.7590682570561914
-1.805282903278169;0.03814070650313634
0.5821899391363519;0.0012194311586957187
-0.6151117507639247;0.36353890984522713
-0.8669139376855913;-0.4569073077204298
-1.7292169341954418;-0.12567532819060895
-0.7073811613313288;-0.10267929763646817
0.454069511517785;-1.0164762179535325
-0.2269655169439528;1.78584567505599
-1.5890711575855105;-0.25869646510336936
-0.6471912300216488;-1.3794397846692694
-0.05216232827543477;-0.28718165239760896
-0.757140988432563;-0.10882925688061054
0.20048880382139203;-0.23819235380450704
0.892092767775379;2.0027579488284175
2.066634546328002;-0.08941181342346396
-0.3921677724708388;0.14301466337390634
0.23276508299063753;-0.24394383958821012
1.0376764980286894;2.740940827214554
0.025596191171686586;-1.969693560118024
0.2267847342119696;-0.9787261027508457
0.634633965057234;-0.8659474291417057
-1.1974994188010608;0.17146734279378553
0.9760972378238442;-1.1684591568776603
-0.2518196841360778;0.3468152552551732
0.05488440034199262;-0.06963044583450828
0.21133891859119366;-0.877960847784484
-1.8876309015024013;-0.76860660899374
-0.9355551137680791;0.3040631438680582
2.238501396124492;-0.2022633207107528
-0.5827001304525867;1.306702304355417
-0.4356395469517178;-0.7190063604421651
-0.09033279781461113;-0.0566955517996937
-1.0326921788233716;0.13928857772603004
-0.3416237728140974;-0.9535867120245083
-1.4471679679532357;0.9303269952030525
-0.023478307304982418;0.35641718502963665
0.25874186497127133;0.8835118070691657
0.8974579212186207;0.04722544575169231
1.4316111097463975;-0.5767721722367404
-2.6300365216817148;0.051147576762201295
-0.8825444885518444;0.827782105262674
0.5485390320866185;1.5453583828749222
1.5303579469014335;1.202248411383178
-1.4374779172182448;-1.595924724727035
-1.6074824899633813;-0.33056065206738555
-0.7594720746201281;1.3624388241344627
0.8764942508626068;-0.9060841072121141
-1.3481765151041134;0.7091059091680166
0.8204849804247667;-0.6362505373087318
0.36137507432444005;-0.9249201599912522
0.24059390431860178;-0.14568622970069597
0.33785265081189597;-0.6972633455230807
-1.1003544355984907;2.013239817549103
-0.09679757339769524;-0.3773563309944648
0.2882182246010725;0.7769434795704615
1.095371454613319;-0.21650836227156753
-1.2203065602042789;-0.024309524595220733
-2.24218104288664;-0.5778473088113728
-0.7453625204797322;0.07931258060254812
-0.8050194998414778;-2.5154878142354864
-0.8599681657549928;0.4040632234116375
0.2465251070743744;0.6199025192700927
0.14070186966024262;0.6820862236013073
0.2076284735869534;0.16989334686088636
0.13474731422677128;-1.1374142245567382
0.729788566880907;-0.856216900881113
0.16878536491626764;0.5376240115938294
0.11247670000164162;3.136585775274268
-1.078838429790869;-0.5627457902440905
-1.8709000992142706;0.006074821330067802
0.7650562970158385;1.3937083500675882
0.12495825712019126;-1.4482826121282686
0.2985965757582756;0.5017073568982909
-0.35132465356738685;0.43679667845932746
0.8383424463939824;1.025174076816302
0.10097133537854798;2.579648917191839
0.2584810883309959;-1.8425377831526177
-0.150065851058533;0.7445937891887985
-1.131404774602645;-0.7890272077111662
-1.2906324926893162;-1.272932113024223
-0.026972471801400187;-1.3242846980320637
0.2083068598876617;-0.634045187794069
-1.6562860763829035;-1.0839189587932687
-1.649863232582158;0.3839799209854607
0.29209308277827634;1.1606185403540086
-0.296647375388267;-0.6798801058093973
2.5249947098799996;-0.36270859304097064
-1.1685696905405503;-0.24574141024512539
0.10959824118086511;-0.2642780781965267
-0.6477966990935106;0.7501413466669282
-0.2975642135176732;-1.8175511836253821
-2.395440911169457;1.1450839571185376
0.6973349866020898;0.08595702096878548
-1.4784363061569488;0.19734813526260825
0.892477129619343;1.3653785860818106
1.4369903467227;2.0465699627043663
0.7484536060975014;-0.9030843060341116
-0.7779178982896484;0.013942448553314724
0.658169408485546;-0.6172530339396753
0.6457080586910048;0.08608954163748704
1.052114821982404;1.2993120127487665
-0.23992303510732454;1.8067785624176493
0.2894023401898721;0.38787060922799105
-0.8945671591946065;-0.158262799488434
0.09687888843022245;0.052967835225003264
-1.138537189789988;-0.8221189196235348
-0.19725831605727911;-1.2832511562040514
0.22624603593520556;0.8987204691195947
-1.576156492051732;-0.21721384051046144
1.5962551166910346;0.08800570610331884
-0.425351031205993;-1.0726869467615037
0.5608835486725534;0.9028769247997673
-0.1159723097441473;0.2848803471374938
-0.8437048631492801;0.5821125328699015
-0.527590536685018;-1.0483225627929458
-0.34872116335997233;-1.0276339546722288
-1.0810760912707853;0.3402952896387434
-1.364291707480744;0.7538863172001357
-0.5331252491019363;-0.39082235222254136
1.0147084425853172;-1.6679929272726428
0.7041932497157782;0.9095467688999098
-1.2896222010974767;1.3592454596585863
0.23304987092140309;0.5213433341429757
0.9607597362131589;1.0478471285419169
0.25060003751278687;-0.19814560884602625
-1.5578055595841835;-0.8149633296736907
-0.7949880560527021;1.018111994775038
-0.19630852720231687;-0.6869219900211898
-1.712597986529059;-0.5953981408564302
0.6078321091500517;-0.6510848835610372
1.2144033850015772;-1.9689516884141613
0.35162979391769894;0.17723614602210244
-0.8454811988714535;-1.1138303632627768
0.7944039320418672;-1.515880074704255
-0.568383373643957;-2.3781211207136157
-0.5958935083149512;0.630473549214249
-0.562165412767131;0.8790876335888638
-0.10158857714879051;1.0686343577994215
0.1214959020872042;-0.6195299017354726
-2.170192904597065;0.08063870110132756
-0.9850616921555875;1.2553101039444239
-0.9264988307835933;-0.7407620350522376
0.3073692198483327;2.4187866247008762
1.8905767705786187;-0.5350914942008973
1.0633504394440616;0.7198763563300178
1.8795481836593453;-0.31482370799480286
-0.5179854437882068;1.431605120906976
1.177403346041459;0.3067855746772451
0.14962908861953472;-1.2263338582594312
0.5130335315581644;0.9561907802205383
2.142895008497544;0.5196279595623805
2.1434671598590356;-0.8502476791032516
-0.3644846911125042;1.1846540432535582
1.2864948367253193;0.813833915313512
2.1294897158441013;0.2570514020245168
0.520297069251449;-0.27240620524354053
0.20281472327341846;-0.08102687953823992
2.611920973964654;0.595830760717265
-1.0671200818359612;0.4956029650815553
1.8965527777844775;1.4080173378233722
0.28791661645489314;-1.3877785782900907
-0.6995712417358478;1.6764096076655113
-1.2048448869017563;-2.1625284860690774
-0.3489618988234544;-0.7585396110099741
-0.19629325093615047;1.095505220392301
-0.29241516341931095;-0.38975579900233775
-0.7015090252777807;0.8683760484766733
-2.133657089709064;-0.5340146031726616
0.9989814528262765;-0.5883028948957507
0.5327537575192957;1.495964674450837
-0.90992993960517;0.7893607251474043
0.46351720478457825;-1.1438167691402044
0.07733538883303985;-0.5733492695581487
-0.47003951533398386;0.5045098004197167
-0.45213004692148145;-0.32198581929917003
-1.0271276179326523;-1.6077749280316722
-1.479689390944939;0.8411470251261833
0.7193641890674024;-0.08172999922879974
-0.17401717714118406;-0.18217342270073714
1.2879208664777284;-1.4916578979308042
0.551993565947612;-0.7831514251350444
-1.3091165563322846;0.983914335073952
0.0976476788924274;1.37810020571668
-0.12348848934258938;1.931915884608176
-1.2517367518008453;0.6612511677808294
-1.236471343695961;-0.11165598903332039
1.0751374780186487;-1.2862010663097412
0.1834014066914768;1.0129899719808988
0.5394638356537825;1.2123454108246514
-0.5179563431056162;0.7954056542368293
-1.0699482639926268;-1.0484259424623958
0.9673134388365893;0.19338817391077148
-0.12829732244289913;0.9190180929323863
-1.0287536159194464;2.161698148161708
2.958547464613065;-0.13228491869645254
-1.0150568001882083;0.633396321135543
1.871052773554411;-0.4107857991160878
0.6363983694131649;0.6031599886131781
-0.4383701308110238;-0.4192247150672767
0.9216772431610559;-1.8917515460923922
0.1280564639949341;-0.8628716170242675
-0.8597667809875416;-0.04851751856369444
2.0963793606785743;0.33105456687045254
-1.4845003672806254;0.7938529254753932
-0.8707585803548232;-1.5599184610593653
-0.7830465953184614;1.5133580370513038
-0.28412073197668697;-0.2608891735931941
-1.139014923204069;-0.6837590231363124
0.4973018511927895;-2.902700845859904
-1.4877923979728034;1.6230097517804196
1.0697166091072885;-0.46555977724570446
1.4306582207412735;-1.26192016274359
0.19282217379070385;0.023199156982285953
-0.7355243287518656;1.905736243015381
-0.8651118092515879;0.8412244261089104
-0.28015460264609965;-0.5165408411495467
-0.17616463469459023;1.6655070364784823
-0.554271907481547;2.0927614339801472
0.9253856274570467;-0.7285805532927787
1.0351462584958144;-0.40358384551250853
-0.18829974526489843;-0.3001631897418547
-0.7396405727874313;0.4581133505469192
0.5656048263122225;0.6960215025655389
0.020110779294962623;-0.9291490487723795
-1.1634753444052297;1.7100336750082084
0.07894823813736669;-0.7851673819273283
0.7559365382745379;-0.20726868540654927
-0.6634269593540234;0.3048002653094353
-0.9469309185049498;-0.3315690032461661
0.9704965084785401;0.2976904169032627
-0.4697691932912208;-0.33121166689125686
-1.0583368502287402;0.19434785452849618
-0.7598565080459244;0.6157065792057969
0.8157804909044444;0.4087195499515789
0.9692175015258842;1.4146602877882912
1.0025624466398795;0.6114386410066758
-1.4441448252633031;-0.4894802129678059
0.8500598960810637;-0.7533258192742405
-0.7661577976452771;-0.15427922210837813
-0.9981945166659867;-0.3077936683172143
0.5442137378199648;-0.33976996345624905
-0.04423922951630322;-0.07733586489129508
-0.5693255134303438;-0.6926065540485613
-0.8346820198266846;-0.7968726872815489
1.3416899970546599;-1.48253944449971
0.048976634861000234;-1.5933730557120545
0.19879779013450216;0.23103347938592506
0.9416284260715367;-0.4720971655112951
-0.98995657507738;1.6304162889292684
0.3124778272704645;0.4541381969719004
-0.30706958550677754;0.5764282358829307
0.08310283117863167;-0.28338283305605194
-0.676376786977679;0.22473967013796295
0.30969942681185153;1.0864129220988592
1.0692556906924926;-0.149924633767766
-0.08926492135065547;-0.10613178506678879
-0.7547520655367289;-0.0375055916991218
0.22881156725153812;-0.2587909391817873
0.20157058074742185;-0.06575989457580537
-0.10936483589870921;1.3819164572191507
0.19805568088587908;0.02392250267741304
1.0264845610175468;-1.0673625251529801
1.3594075376923362;-0.9182788858007791
1.93131204125222;-0.8932328524331317
-1.7690304486515989;0.33840815668194535
0.5218117751169514;1.761741737547893
-2.6858287921136443;0.019323266245040875
-0.10156777331922738;-0.8323691135144876
0.718484906369083;-0.431749892929139
0.43113179533337953;-0.7132033272292183
-0.8535824658991087;-1.3470190902810837
-0.12224976780660113;-0.011759494596835575
1.4039294985578599;-0.9017227331792106
0.17945328993540138;0.48127637538290124
-0.7672273711971869;-0.6027007060367858
0.899410079327959;-0.07407012661360711
0.5877193168003113;-0.49668521857284564
0.2569026089411206;-0.2666387095054754
-1.2038709850680873;0.12562071525749532
0.7677601084283971;-0.3207797971942211
-1.1349970592719438;0.35603442846742783
0.6993506794222065;-0.1562884797611051
-1.0849254577359795;-0.06313226913201582
0.1470335348808358;-0.4217683608184606
-1.8658328742654147;-1.0441619380826637
2.4697088146015784;1.181629590472301
-1.6781309853113637;-0.32377941603489463
0.7338796581210025;0.9275579144277866
-0.9378004175162324;0.27310306822890074
-1.3414133099799344;0.4884247525219091
0.9561128148680567;2.44852379068401
0.564382698407386;1.158462813023599
1.2972019272958752;-0.47551588911621817
-0.41152033711480485;-0.3702491129355769
-1.202873810732937;0.04984011480947457
-0.11264729225467836;-2.5234616870947817
0.01281094140870894;0.35423251996895755
-0.32363470296693597;-0.8993460779456031
-1.762829518434031;-0.09311430587727343
1.3117371183553375;1.0502597932819193
-1.4179648474810846;0.2844170395866311
-1.671150513629638;-0.42327588104758984
-1.1821043124821389;0.2167732919671907
0.528406580552917;-0.12608463425142502
-0.031737044777784246;-1.3787622930876406
-2.173433712072066;0.34481595487304206
-0.41291844901059294;1.4071244027830403
2.0521917376548586;-0.04199088686580801
0.12953542011651187;1.4358444911031054
0.8813538209741917;-0.051761369621243565
-0.3166564811040826;1.6007700641780747
0.039082814211652925;0.13847126903330972
2.2750644280869174;1.2815036053914728
0.9146343206341435;-0.2702456021142154
-0.8107480644076248;-0.2859637346102351
-0.5394283635606807;-0.015716716842850986
-0.9158523162558639;0.25756840195985303
-1.2576137730467767;-0.5662597186540606
0.29136313764043964;0.6498649281667102
-0.1725002246348521;-0.35989561301601664
1.3342979794053684;-1.4049704351232137
-0.387775614537042;-0.421367039303078
0.26791445104185824;-0.019866653609796465
-1.9939688456797293;0.665929195976977
-0.946328057699554;-0.5064713901778709
0.09122703468355689;-0.06037074184379273
-0.09402223832159164;-0.286220276609723
1.1059910681116576;0.8605253077322518
-0.47414305266027557;-0.49309294967425443
-0.008297346299344349;1.8456137104080166
-1.3582969960512867;0.16872710608909505
-0.1250558519205774;1.4966115470362624
0.2204682342815819;0.011191088063041447
-0.3781244731240898;-2.436662716349377
0.22375996914686097;-0.5536556278769369
0.048394228594373236;0.22673774780189665
-0.3472242371911595;-1.167332966503489
0.9569742751423694;1.8923023170308553
0.17630746734727384;0.4086967054579662
0.5942735643444322;1.0782160376548373
-1.3845435436871585;0.5420823012466612
-0.3815492138516713;0.35917219155816765
-0.19370497239818932;-1.1555316362883907
-0.09058601696335762;0.15935596133977073
0.7853476355618926;0.8977741808262222
0.08826163689517438;-1.1261466508607616
-0.20952273054711196;-0.6719354513543159
-1.6463725395344218;-0.3097571926841234
-0.4422648452612449;-1.9069296159048894
1.1143775510590568;-0.8205117774952146
-1.043967557899366;-0.39909899463980664
1.2629845082420053;0.924574529767909
0.40491156159304104;1.5200923888858902
-0.9700412655740692;0.15511082851327976
0.37170595761266767;2.2301375853202963
-0.8694821370259017;0.3616032937196052
-0.35566006344753326;0.06075055425374828
0.12902731649506172;-1.7873748721951088
0.35412131127220986;0.7443491402421418
-0.3166279040732227;2.434605056183993
0.7362541194870617;0.4105005982138448
-0.0509103639023833;1.8872274109546083
0.2990603874932284;0.7955519531905065
0.3413501775546703;0.8424979493838934
1.1944204297097016;-0.32054231246950426
-0.8381482808946406;-0.5495647292391249
0.25930431896334455;-0.489657967915147
0.6371194786131101;-1.5451493543187158
0.3946536842942918;0.5054120785730898
-1.0391243727556212;0.00037645913783357165
-0.01677156234468971;-2.5912079620312714
-1.4419511417448787;-0.5653758185117902
-0.2670117148942288;-0.01774245824934843
0.21361117656847087;-0.43267011092935787
0.25418652764297245;2.319102511831904
1.29340653862914;-0.5666173260789502
0.3903250303903857;-0.35153253802980916
0.32662843732203495;-1.0501510310507625
1.7547946218627122;0.11908364148824806
-0.7098970031847162;0.14090189053030214
-0.7299249058771445;0.2519753486341579
1.0730943452737711;0.9288763877582144
-0.020224949367650468;2.898446286855896
1.3555378391723278;1.189701181170172
-1.158848400166126;1.0057594228466284
0.4986946905392899;-1.0893479634517644
-1.0467006870106066;-1.163312231992341
-0.15212466927915444;-0.8463467504639757
0.06444174521097563;1.2035547914951348
2.0321942777444066;0.4060751446042782
1.106261306443164;0.783799436697142
0.737131570753038;-0.8486108253550971
-0.35881417327948234;-1.5467516699561699
-1.0063920538998645;0.27064648216173837
-0.13229055547065408;0.5113628777935182
-1.6486319379532;0.770915268294705
-0.036237207448389604;0.8954413322076338
-1.0345926979756617;1.16266806858641
-0.986187999482762;-0.5009128606910471
-1.1390601090202987;0.5363078237531219
1.9366041606875855;0.5550406160827003
-1.3197819466487153;2.7085195107107696
-0.27661809166369655;-0.3049004128324577
-0.5543092474473387;-0.7314851361688675
1.0157062359457298;0.7422413354844841
1.842887104777319;-0.410007224928444
1.0291473995838794;1.3389130705102807
0.38930665951277144;0.873281487367905
-1.4370740259791497;0.7224190407302751
-0.6236034184992194;0.1670537158936573
-0.7594776790181063;-0.6488468725344277
1.0591838205505937;0.6954204887648575
-0.9219842035602305;0.6421900091322421
0.26408026723574496;1.4876067506897774
-0.7056209377485338;-0.17705676991974495
-0.02811668738031667;-1.7393855266118172
0.47383861324167204;-0.07427490518365719
-1.9466254767764262;-1.664539526620457
-0.9502053361610778;-1.3352031650559961
-1.2268017564844294;0.925723057788074
-0.8900982949512579;0.005810021805187238
-0.3526186959042839;1.0273911852097428
-1.0746293787075394;-0.5639086625425475
-1.2030810432650811;-1.9067669878500737
-0.11599855169266611;-0.5530531344996682
0.289950140401487;0.21197001272372445
1.478253126562096;1.2349872238230934
-0.6796246808265317;0.8007508962106745
0.5312395876156182;-1.7615212028512686
-0.8886122700536709;-0.4770530768772499
2.1605765951249802;-0.03645876017808764
-1.228845381526041;0.8373030859543662
-0.98178853997961;0.562148886609277
0.334154811463803;1.3032395593551358
-0.23849339486758753;0.47262499320446755
0.15695193746828062;-0.08322705609503162
1.1959569839146138;-0.4470784158353873
-0.0052333497678199135;-0.16891157552498595
-0.5036462305510481;-1.3893461615448053
0.9155210262084377;0.04062723789169741
2.718787708849321;-0.43691336758691773
-1.7584066089942985;0.3344376850835691
-1.1970203511751147;0.7809152233081477
0.2372061303792987;-1.1365684054155452
1.7198267075483609;0.353551999922018
0.18899023769310636;1.688827863339685
-0.7285913758474535;0.3611053569633263
0.1507167351910885;0.29458669042305624
0.275830754282714;0.34179582295771943
-0.05570414911763734;-1.7223322554117249
0.6781586556657324;1.521245864673499
-1.1283570501312477;0.9663946654113509
0.25380570810704045;-0.3151023575148092
0.3161742959211128;1.4855954465140877
0.8535586634389413;0.9994702178887568
0.07358744012878582;-0.44566909915211195
0.4280201044710692;1.9937258293940263
0.846261071214738;-0.4930340138999026
-0.997033190937828;-0.8404440244619191
1.2032883503581864;1.2214698833227837
-0.48045337309397623;0.5295139903766317
-1.069978784142697;2.609632423720049
-0.6601463979041786;0.03913062435466195
-1.7501053923706422;0.8867453465367906
-0.891536011758834;0.7368083767017766
0.31442953953155284;-0.9995368432048816
-0.09516662620428014;1.4495753652656385
1.0813167325345774;-0.9344165686756113
1.5616695030698335;-1.2976950762597388
-1.8623430509883734;0.2708439330324926
0.10627926669707131;-1.9709031097172742
-0.20287356801077813;-0.9748973987727193
1.2301035727385798;0.2021009214538753
-1.6166728007409052;-0.5888336258500001
1.004990429085853;2.623911196751719
1.4358542718419194;-0.08339082806687316
1.3850595508331736;-1.1969920178880973
0.27527727703858323;0.14838004182170725
-0.21678351279124033;-0.008476871680905385
-0.6799872344533613;0.9019671183552672
-1.5390018542945907;1.4433473588297494
0.43664326296470674;-0.9710243292086178
2.1074452453646404;0.7681810467053883
0.5410090002961745;-0.04485244073009426
0.3870847353084545;2.1056991453151737
-0.42882577193936505;-0.43504178108902564
-1.7760721081130861;0.8921522074211775
-0.38922740555962815;-0.5405132382362139
-0.6659490750182259;0.6334016169478843
0.7403770816441062;2.312498594564532
2.3592393923993153;-0.2426081517886649
-0.8391889298970611;-2.714763437269299
0.646034054723613;1.6794876138418666
-1.552659506836474;0.3238838224184016
-0.38976691277224534;-0.22146637151969717
0.4056623256052267;0.2944760206819674
-2.487009036098845;0.739825948560645
-2.0673538099575954;0.7107651360298846
-0.663847547036361;-1.1918296461425693
0.4684109764946666;0.9882933696180932
0.8117059184485631;-0.010122476485742197
0.6929047822881746;0.41560270561234064
-1.806381819969648;1.3253924692926917
-0.496976809375543;0.5226686476880159
1.3473232316899604;0.18078500312178233
-0.7972038852183665;-0.9799507815005556
-0.9644941110707629;0.5628534161499792
-0.6745040683672491;-0.22158423932022894
-0.4765756947754334;-0.6167339468309724
0.207195880519675;-0.6791555082622712
-0.6312705833465292;-1.909916588780196
0.8739777974890037;1.2058342988269852
-0.3966604480584047;0.2447721724945269
0.031558727564409195;-1.4693675279910423
-0.03202613108762059;-1.0717397691591184
0.24001392846947198;1.003098536460775
0.5482678196243308;0.5799337974054939
1.3666713907337444;-0.9524795428616586
-2.105731502763927;-1.0059180304334685
1.9019022899379434;-0.474397564100098
-0.12222418831505943;-0.262308504562827
0.6820870024954532;1.048918487719833
0.30750425585139013;0.42402685011896957
0.7798608231304198;-1.1859350455874347
-1.3375888228423614;-0.06027213435375851
0.8910667457873988;0.09549509531970574
0.2519333967957515;-0.06362153619576
-0.9224584386398252;0.20089188221326998
-0.04296554100122302;-1.0296738044633869
-0.02407577289833191;0.7686113792014327
0.4763677868143473;0.322130098822705
1.1131697714675934;-2.3724723355467456
-0.04470261380509759;-1.0831764848372258
0.5229516822496333;-0.7391179914708541
-1.0337232740262423;0.4404379382630429
0.444320898149772;0.015972591875203914
-0.602240881903525;0.6578373231120473
-1.026183550155726;-1.9801141769668134
0.22211071948604083;-1.573304454893951
0.02975274820018875;0.40664719086354956
0.02322092844847395;0.02288449758043839
1.0080413873245595;-1.5176197022131763
-0.5224358292912301;0.2705204643021181
2.0404653341028873;1.589528874308225
-0.8574401102104768;0.05354162549417082
1.2402637180319402;-0.7753045295003462
-1.095724742901601;-0.1448153715318981
1.4854556265926278;-1.5516512278151409
-0.43012630769848126;-1.1112458304731405
0.6973048854861745;1.4847786083164118
0.5150989784913224;0.7416354370978692
-1.881731897980594;0.5213106286850145
-1.4916373328131591;1.0894939625846283
-0.3831565466908738;-1.3425521233887618
2.4165016162103927;-0.14451949238954723
0.5596893705391682;-0.8543211507612258
-2.314182882936577;-0.8612555983308056
0.16768187018053812;-1.5251748532989697
1.489914449217632;1.0341926060545998
1.1805862701720082;1.0660657688693875
0.5346422647326231;1.3647956995726775
1.910586582404779;1.7720149849374516
-1.996734246211064;-0.46848339275028833
-0.5319844358617828;1.4954318264664197
2.3882297699903043;0.0017939771786188558
-0.6880509643522655;0.3588291357630063
1.171336540921249;0.4485349371996134
0.8649777141692565;-0.5224924443460077
0.6543690579990736;1.0329846965475287
-0.17279814132229884;0.599532389778452
-1.0758508660544734;-1.7879925547070128
0.177754070346289;1.1045569241704587
-1.0108300811616298;-1.2642484470797146
0.6272664113829824;1.3226757064195271
-1.1013562327823192;2.0505260151401754
-0.9757282227217372;-1.1343229765840412
-0.9350481959146549;-1.3461097264253634
-0.4690459434805605;-0.8603732649208846
-2.4803131668501446;-0.22781877355496585
-0.5175612402191344;0.9614508956797019
-0.7276843497223392;-0.6541470152612632
-1.4228784071843141;0.46903187801823437
0.09549245460429842;-0.01978269841242494
0.5345982109210765;0.19415354416298405
0.6462469297749122;1.6051700445458128
-0.19787100263735016;0.8317446657340158
-0.3631952050519439;0.32953083754056783
0.3125946592503802;1.4374901271591174
-0.053978562516788835;0.5547864080307939
0.39063127220429217;0.32114526151336475
-0.21806988297790747;0.12763373856740823
0.8567220261686744;0.3323335122836956
0.5041473455832016;0.47027416013347745
-1.4469027233955882;-0.5115328926056354
0.5370939155404798;-0.9604009891015587
1.3372543016342482;-0.37863105221434507
1.0803424848442051;0.4943796693838014
-0.41809134753823723;-0.743129419598336
-1.5393505703703718;1.0088901918836242
-0.2211093493114177;1.9098577509681554
1.5322947390546167;2.206574892585523
0.5523475990685343;-1.1517317673332343
1.3205962990741973;-0.45541624624008603
-1.0044305581346025;-0.18620723657388227
-0.41355584200603523;1.2541103144730439
-2.105366946713055;0.5745085363286503
0.38936928145640604;-0.8292841143825442
1.7446249864808951;0.14258849788904493
-0.31508510358064307;0.5060056125813926
0.7988631058374464;0.5225575911608148
0.3624816563850683;-0.5286708500932324
-1.5179119788450326;-1.0652970217576623
1.994034961535738;-0.7640354181529154
0.6857052674997093;0.8210061297208855
-0.41862257339117726;0.36925483498300526
0.1852980637200688;1.7417907575385108
0.6146496139347434;-0.6729549105379113
-0.9240499883421874;0.19438024657179717
-0.42792670345698947;1.0914021329047154
0.2927962626414942;-1.0107484560369537
0.5162733323201063;-0.34159669195696707
-1.8871283521115514;0.9314281408685873
-0.5159663940911042;0.8093350707136931
0.982389469106447;0.4207289539807924
0.2785581057785682;1.055753356504221
-2.713233804418984;-1.6660183059332792
0.2309510483760887;-0.6184783255658391
-0.4255056294229496;-0.7819883171199011
1.0148375961324505;0.08959981792911073
0.3943575153028914;0.9284455802961293
-0.6195809912230101;-1.0961100748323531
0.782677142231192;0.730512519548447
-0.13556494447587555;-0.5369001714427275
0.4910251865756805;0.35486869111229913
-0.046964632322396026;-1.8572652505270792
1.2309099361911302;0.9893424770859113
-0.004503880693940493;1.7754388295622436
0.9541226288585479;0.5926880153383512
-0.5974293839341971;-0.20359690842673397
0.7977899901489517;-0.9753878124986916
-0.6236535377935173;-1.8633718727574289
-0.24248258149002586;0.09206354776328793
-1.4608855973982906;-1.5105554587969343
-0.6720026601377755;-0.2356521517403895
-0.9314107298556462;0.11296857516863028
0.35605200588740027;-0.6595082865520371
0.515169302012187;-0.7926069180292683
0.46819395291164884;1.609590223621294
-0.7459043991408938;1.5395752506189988
0.8089824572507837;0.49297326657077917
0.22596307147952047;-0.38347961901149263
-0.28451986264300183;0.7494333840683041
0.8347966552452852;-0.2952428394669382
-1.64561020469113;1.1061926531263608
-0.11065262864754094;2.310347120752906
0.4121291859120079;-0.250977210124919
0.20423679785887602;-1.1182163335730488
0.6963453494433235;0.462161229923373
1.0800457079489612;-0.9635768070968898
-0.5875730640712576;-0.026844542289149308
1.3574214619410834;-0.30098901585451004
-2.756551584600218;-2.0272461417562977
0.003692612129027256;-1.071915960640482
-0.561778399871725;-1.0000860442985386
-0.3632718928005686;-0.9293842632435259
-0.7973872123683678;0.6193122133998715
-0.9119172987326097;0.5804023549969614
0.9264067536153997;-1.147394759779921
0.0454948728091755;-0.42817664499438696
-1.0125189143898181;-0.04942965652135289
1.0919500405033822;0.07652135829217523
-0.23535584737628237;0.7476723199835673
-0.19313289266263856;-0.7478582076187112
0.04682076855719867;-0.17696212049196186
1.0171845853353358;0.6330240735270722
-1.0454580316922135;0.4176478147506113
0.033602542723067244;-1.0524012424243028
0.7827089596672918;-0.6998851913808157
-0.34709126506018767;0.8387711839834694
0.1787379819696826;0.5983484881869824
-0.4811586803437437;0.027495256703771283
-1.916182396329688;-0.892135830064508
0.11187282801112396;1.1295458383484884
1.2039922608448848;1.7462793173584157
-0.36189799247688864;-0.5459555750942011
0.7649073360021009;-0.027541806811227927
0.8140680310433714;-1.4460948776253062
-1.078617970958868;1.0047707273138464
-0.6121339655252561;0.07689416056582951
0.5888851424840484;0.6825380851641177
-0.8139275870134325;-0.8643642259157904
1.8690307494123264;-0.8912794366749741
0.6433619449284894;0.28957066117277436
0.9286880815959601;1.1220453643334647
-1.2312191697746195;-0.41533033194507585
0.49551249699383804;-1.0340133725586242
0.7617029949828517;1.4221560510054159
1.3583992516074372;-0.5653362777562023
1.2657693478142966;-1.800162658295861
0.216666927353424;-0.6283954388588984
-0.7297516304315913;0.3348547548262101
0.3110690729260657;-0.532242300916499
1.3473202277442176;1.302730092584841
-1.0187767310676545;2.187159479422872
0.182729393145812;-0.446929547038851
0.1091515363277108;0.8558132034747991
-0.842486605587368;1.5454017065728627
-0.22402586054381196;-0.9669598128893383
-0.29823719016521943;1.3785379523612113
-1.4837007733683598;2.5448684427399173
0.50845526723177;-0.4282542151442854
0.4038413920525218;1.9159097932516294
-0.03750666199235057;0.4259848085800846
-0.6538087035418217;0.19151937775023395
0.6240741088531807;1.841698051093228
-0.7128700603547724;-0.9611113459284429
-1.0614489148128619;0.955735766170775
-1.6303925928081093;1.0905932867724193
1.4925499566407872;0.8905685332890655
1.1014992211879973;0.6388713954745063
1.2809145446094863;-0.7433742263923233
1.1676999059437452;0.11798086128124904
0.5559957915610698;0.8345908830675517
0.5577020712885481;-1.3332869916083474
0.14453590468939356;0.10947929388994038
-0.05020944153336036;-1.721430075283354
-0.7430342867664044;0.807502344659014
-1.4392063593816746;0.5818442368922574
-0.3085205847639317;-1.176829770072688
-1.7347167198094668;-0.9681172898872851
-0.9239617166336533;1.7582557491696134
2.2002699178163976;-0.9149331913364659
0.03697240918572548;1.2511197272378412
-0.43262577191759133;0.7173623075647293
-0.6426401027912438;0.45625789839146963
0.1275677372192892;0.9343050648066751
-0.5909394042968255;-0.5436539025810883
1.7549114157087626;-0.9667093473232845
-1.1832514139966628;-0.11807590702530825
-0.004634461959838012;-0.9217388865095665
-0.5837139000803039;-0.2624682077814274
-3.0948128826927657;0.3685066578640692
0.7054459840217961;-0.33582828460291636
0.26574230720629305;-0.8890805353164236
0.23283360179512066;-0.1119171790385383
1.619225383203246;0.7688957934719316
-0.81778036655854;-0.22321053570211732
0.5656328021328132;-0.6602103537474266
0.1376544920614736;1.4272894231650426
0.6540029076496876;-1.482550225623567
0.272725728229236;1.334268247792405
0.9549442996615494;1.3468388003956797
-0.14899612918154118;-0.30066399218202566
0.4463099057102788;1.1391225269877354
-0.2814883939819386;-1.6246381516087014
-0.11638852540080226;0.1621085729298366
2.715344950715989;-0.5997688212845003
-1.4074515121676707;0.3686071035779178
-0.030365693289682836;-0.7645378052042296
-1.186097208717004;-0.20511786200288265
0.39551474589897045;-0.16103387720823167
-0.7841439775631217;0.6747763798027302
-0.7050137397488802;0.030857728534265223
-0.5436895970018204;0.642070227625838
-0.31663198185820657;0.6006289226794983
2.2049174796731648;-0.6316358774439971
-0.5560517702044319;-0.24163709656413374
-1.5837091063806383;-0.3070047525849782
1.4586751471721726;-0.3771581724228626
0.7742490307054313;-1.4457810688452983
0.6979990004132027;0.04905565277043306
-0.4567822466364085;0.5259115042158486
-1.1052291603434592;0.21418710274353117
-1.3084850849805076;-0.111077488732077
1.1919378191147936;0.587919758040212
0.27785488389403634;-1.1251535820577618
-0.48439895104796266;0.27057352469176355
-0.6452781503299875;1.5564849417250994
0.2970300226074884;0.1270761469253001
-0.9284992602161255;-0.15103287263353432
0.6173893715893997;-0.21606327350314247
-0.34269097073273624;-1.024705471927115
0.12148178697022399;-1.5501963281990454
0.6945700439521914;-1.2437040840579003
0.5704089618871712;0.2149668269714192
0.4009384590489075;-0.7214092220258023
2.1389532165038427;-1.9626410942971173
0.4863320084183242;1.6721541078982072
-0.9955949682811617;0.2510397630164934
-0.8861594959173036;-0.6263307493607969
0.4888764768218879;-0.6044092179230862
0.4842914778500364;-1.0006059936819567
2.1795370269611474;0.6865961483590062
-0.2699210955468221;0.26412305715584766
0.10338089429885829;-1.1894527804769495
2.001986150313312;0.32356792050567457
1.1817594061788588;-0.7853693533609973
-0.7129971143880434;1.8284379936167927
1.035193368397516;-1.5513941795003052
0.9740164158947603;0.37227959215226625
-0.0873256656276428;-2.669608627400726
-0.011823746489052371;-0.7979313089434806
0.25859148224703743;0.048851475770331686
0.28391880667618485;1.9480853560396314
-1.444801421677839;0.5318575938369301
-0.48403140952834184;-1.1919118148458836
0.8507967359866976;-0.17761965321411927
-0.019687725061756176;0.8550901438964519
-1.5734470846039208;1.8175992429586227
-2.1503679540065987;0.2704056735629644
0.9398097895861715;-0.3718534720941289
-1.1432571309403852;0.1776235378864485
0.4798175411643313;-0.9982778496635809
0.2567017431857896;0.18567520601292847
1.0312994182095556;1.6417944645587017
-0.6886872957368261;0.43910763016058385
0.21928741098913887;-0.7500682380187845
-0.5417325760197396;0.10591834935751959
2.027734669098946;0.13978759701660484
1.1148434394297377;0.9281606588257341
-1.6410038196406045;-0.6147893124613235
1.3063161929284424;0.4431852422319137
-0.4482101094877288;-0.11279443640037577
0.8805704264273033;-2.4651131339450942
0.02034009358200548;0.6767745713164608
-0.24631325283091923;1.8036464274930946
0.9638785831100842;1.3769125826837445
-1.9694976342157446;-0.5917714865008508
-0.1212716795682667;-0.7682631416663596
-0.20720454170090072;-0.9751140007413507
0.6925303415471914;-1.2769015860119903
2.1072997566515594;-0.8646973831803152
0.3004732147051467;0.05344076080299866
0.513989047657082;-0.8530580357269926
1.13613968575562;0.5517252629162754
-0.4203493345217048;-0.21884484112992125
0.25224349210034097;-1.8112505656842643
-1.3257639229183364;0.7313842272454839
2.016834457402696;0.09833581116248676
-0.6869702262369747;-0.5223039701490245
-0.45875571559254297;-0.4613494808895486
0.9014028261126819;-0.3110597624888204
-1.1602106549479467;-0.0894291057765163
0.22953473957778983;-1.2803559234869681
-1.937970198283555;-0.13468180587011916
-0.5964436555745299;0.029782556030990722
-0.9640173203582163;0.5823238830240063
-0.07055891054581469;-0.9897369426080089
-0.0573481668930014;-0.038499409353200585
-0.1367897392660293;-1.0677668572234733
-1.1977112537305106;0.4122052173135332
0.17340036853280674;-0.9611131836702995
-1.6565425115233;1.2280549192987953
0.8431726336064732;-0.1299191204398412
-1.9264436600121195;1.2494563927483495
0.6047761748586422;-1.16069606638169
1.384448572431075;-0.13688680707042256
-1.0717096323571387;0.09723208812541512
-0.40614125889024244;-1.3641502974485205
-1.1684721205346502;-0.1612363933205981
-0.9077202846574947;-0.884094428380197
0.33843680751220995;-0.5329326991561376
-0.6554211947334209;0.5296640349622406
2.0710159603693974;-1.4382551213449697
1.8011237539297873;-1.3732989049075088
1.030111853222595;1.208869959502333
0.007961929366540103;-1.062079344047286
-0.4881317668048623;-0.48640290343951986
1.3079684840329684;-0.6873703242994635
0.6747051441110085;1.3440233310941387
0.10695267657555899;0.17300416074229014
1.9284997352483546;0.4600883999784065
1.0240225426002485;-1.06408270037316
0.5904138273318025;0.9274886717998769
0.4756409794135263;-1.1999390438714155
-1.5283730515573846;-0.8407860589598177
1.2525979447471587;0.01540615030399133
0.45803737311277315;0.8550296391156927
1.6408966740267803;0.18497759213027817
-1.0332222023206934;0.28325146855391997
-1.02335308285203;0.09048701042301446
0.03317598597038081;-0.10976484342709777
1.6487162392216126;0.41779383528747566
-1.0926601351415062;0.06508670390129757
-0.3673937522373111;-0.6571774532867624
-0.2901383624041883;-1.3248511263244076
-1.1016109344419738;-1.294827611122922
2.0565520610390835;0.44143253041106706
1.6222252521859055;1.3371967937840763
-0.4897819567590469;-0.7167552838334004
-0.2305897497028006;-0.7524299550155114
-0.0026380376515394814;0.4150285475105667
0.63576748491843;0.5383529821393929
2.3076308459149177;-0.1769430139627808
0.3249229685657476;-1.8804928458114625
-2.7193361091146877;0.6311516247762365
-0.07241057460948397;0.4000917672637922
0.3777444904252905;-0.02383190874808312
0.0063827168310550565;-0.2611962119057795
1.0150876464120044;0.4466626257828194
-0.12617044822274742;-0.2621134647821838
-0.9902413540956002;0.368158577269514
0.35635719952537237;-1.305077270073912
1.2291571926979372;-2.088259393630783
-0.286338093588861;0.4525675702516689
-0.4174757344229429;-0.17961060970047982
-0.05573740537231377;0.02016252811971819
-0.7657042228018073;-0.5277424563441944
1.9562019317676815;-0.20406496643686003
0.14163022920104795;0.5236956028310658
0.013114289238855308;-0.12816526579285814
0.05573998717532877;-0.6221474852458009
0.03294572321751602;-0.9845061818766765
2.8783610002212745;0.10739399604046573
-1.8470514631790225;2.0136015396116576
0.5804294957690952;1.906310096380741
0.8190699499940404;0.3960551645603651
1.6984293622027546;-0.09602974199487802
-2.066362714411144;-0.3406257395791717
-0.8887052432694159;1.0106670528908699
1.0501825061572674;1.880894344343961
-2.1437022367070004;-1.3438943074152652
-0.0181978416866473;-0.07480655801355834
1.1603146562572784;-1.7074094107047724
-0.8032758594331104;1.0536848342252467
-1.4104135934610191;0.7980585113363842
-1.2734622360859817;2.440675518548923
-0.3419376834719257;0.6391233198850474
0.329579102667681;2.125944196488537
-1.2219203853327878;-1.1875866089985403
-2.043041734318532;-0.4310877689911643
-0.06490595848471029;-0.6170119820355034
1.3717989072452077;0.9035042567693145
-0.5264239645910596;0.8004236548301146
-0.2019099313256397;1.3306605586660587
-0.38335728501327115;-0.1791188589434486
-0.35687773603983386;-0.18707573587073875
0.979917319066463;-1.426409769173607
0.9725117613748534;-0.4829561713235709
0.4713758077960662;0.712196918652613
2.0445814793942128;0.3376617397052778
-0.4722788665636684;1.9298205759760565
1.4566594907465016;-0.008722093009169247
0.0566999396630709;-0.9776466111110347
0.8936742000859953;-1.3926653911371174
-0.08975706639493972;-0.20269343618492458
-0.04493568774622712;-0.2903440948898352
0.6376201541022813;-0.929482504024316
-0.054716463914325095;0.7401364519591408
-0.8198470617828288;0.6682557774399439
0.7133195416542928;-0.9222440959925049
-1.1240377802932422;0.7006588955099143
-0.718884803941876;0.49946360340036355
0.40473977942128697;0.45674823421599997
-0.22403621795322903;0.7411646382894348
2.068774404376248;2.1571510139513643
0.06822997711721637;0.3634567472214565
1.0284680600757883;0.1338496352003816
1.6265731038695372;-1.304267093300368
0.5720082496296028;1.874073100574523
-1.3003777448745022;0.040179361061591326
-0.6036010858052475;0.37106119850943137
1.1778076336270553;-1.4424082007497605
-0.4946859177648478;0.508339109501563
-0.028851725839505116;1.0801870891487781
1.7108759074342212;-0.2171960246635719
-0.3228087927233695;-0.31024767110487383
-0.5264222152611183;0.31964856271908676
-0.12601351746429978;0.5472456317704564
0.25999982712889635;-1.0322205581883934
1.2085249631949542;0.9281840589789181
-1.275920303244089;0.4223422296283013
-0.030549815692298202;-0.9588199329192909
-0.9321319682482725;-0.4990991462638617
0.20708388095773425;1.3124689869818251
1.0289867092241178;0.24427677780159376
-0.7691978180580396;-0.0068291813437147035
-0.4304049598879912;0.8555552336109196
0.6598396435282549;0.6593797996352994
0.1500589592214871;0.2188518755613695
1.4657227007267557;-0.9823533282713308
1.2409383279857364;1.5278406859406457
0.4877179613159774;-1.0079025085364424
-1.1466332144149782;-2.0905780523533894
-0.5551886766221253;-0.3291213571364424
1.3164618461540214;0.3735751310406671
0.5789183236172197;1.1756898224564722
0.3737814497144432;0.18265937217751055
-0.2917175704488263;1.7202665901461889
-0.11330075202439567;1.2673945735325571
-1.4709773773300179;-0.8038065579616612
-0.7391772790778988;0.6488363596918054
-0.5694549389145181;-1.855219939217905
0.6498816082704006;-2.4258166911967987
1.6158380309109235;0.8210691575457939
-0.6334993769412434;1.8889845401982286
0.2164669746583185;0.8339324062736321
-0.1345460145237305;1.2291588265126971
-1.0765615537472044;-0.7360798104551983
0.6100991937278544;0.08692838866963022
0.877314033478262;-0.580563655946218
-1.3273364761137005;0.42839137739642524
0.6440208752311836;-0.16962186231694515
-0.6345337721678784;-0.5264625503131809
-1.2331610858923938;0.7556430169841787
-0.07144544304568198;0.12456183730269069
0.1271510995973892;-0.6928718032687622
1.2005884416965873;-0.6425437700410029
0.6826341129312931;-0.9728459091267079
-0.8345276194516965;0.2955179412375544
-1.1082187715747263;0.7528313649213386
0.9831636468150097;0.47853946673823444
-0.760387503439822;0.3392842245936345
0.6327388078759957;-0.3344433656516136
0.6904823613381788;-0.5912073292619486
0.8325169189102081;-0.603846910715316
0.19651887710600696;0.9599749423463116
2.957114417805719;0.36086256106302766
-0.7604685207964769;-1.7624246141291633
0.07752771767337853;-1.1854620556596733
-0.5912697107082846;0.10595494561790701
0.6111044772456066;-0.7718507852410001
-0.05185488805609867;0.5578888004831207
-0.8457469814073931;-1.3900592627663215
0.9654657489337768;-0.39586288426563515
1.9006435954485754;0.8988177561253508
-2.715080804769553;1.4035859443023824
-1.3651923574490719;0.4054911861064993
-1.6335949077636776;1.1196584995543273
0.49437191582364787;1.137143879829764
0.10492114096711708;-1.3210162398853726
-0.5990129008383429;0.928538330671742
-1.3214096101210768;-1.1019014776087053
2.009362212296148;0.11187916163515677
-0.7168385727121787;0.3448651762494594
-0.5010712610526584;-1.3704253422545962
-0.692974678975966;-1.0648493041717928
1.159244307674075;-1.0678854358382808
1.199114339938552;0.008567378186324935
0.2796518393106074;-1.0702978242898853
-0.1473182815134351;-1.0265769856272648
1.364477471055372;-0.6321886820639085
-0.816401460110139;1.5371241130535767
0.6975812623539739;-1.8091250346854453
-0.5250931468877549;-0.06979387238518997
0.5948861134652664;-0.7102155976804372
0.4042131102898129;-1.2290657276340475
0.590703707638804;-0.8965010260929548
0.9342109262129998;-0.7557185844439351
-0.26250263922303024;-1.5749903404927208
0.09861949483353213;-0.9887769719744077
-0.16210397058781723;0.8312090995789825
-0.7615684180925115;1.8293651726834854
0.5681784819699763;-0.11203623213461567
-0.0486510340592239;0.7884109766410962
1.8470616092517271;-0.0381133244974678
0.9634757677892948;0.6294404769100164
-0.17275451322199345;-0.7597415903697812
0.09190781251321908;-0.21953296179558862
-1.5310307823605895;-0.3899663963430982
-1.257500153939691;-0.5680920446257173
0.312181883766547;-0.5240571632685127
-0.7188060881056155;-0.7783338621592807
-0.6510761793833486;-1.3768433595457221
-0.49926758212870265;-0.12435638784879455
-0.685463735485968;-0.6524074503762175
-0.062049495364382354;0.593196639794934
0.5495428640767126;-0.05148516294826458
0.35760339189900514;1.1585963958500196
0.23042278342593428;-0.6758557025793447
0.2501150635035706;1.4327726269945675
-0.10162847930310855;-0.9411378694023228
-1.859514898834105;-0.7205425618970106
-0.7044782204189871;-0.04647506544498301
-0.18179256314183997;0.7898283694444479
0.6246132211597455;0.3177410860459431
0.49859832154929207;-0.9027381175415901
-0.18616592117300698;-0.19713662172637064
2.0909445691249746;0.4939411665552257
2.0751963976375296;0.06727787674246997
0.3360556126824479;-2.7676628111552897
0.23260067875757126;-0.43120993594356194
3.075735723768474;0.7750543748283293
0.4024725763560088;0.41168328169700713
-0.1564511851153707;1.0124461250652235
-2.6997539664276684;-1.7796077141377717
1.1937954665180117;-0.09469888813614631
1.363923973278213;0.8222713035612034
0.17770870532061891;-1.7800418217405454
-1.5133388916647605;0.5231035397852135
-1.634308232851545;0.8800318956289067
0.18571916227400642;1.0042754192399563
-0.6693360451389971;2.038894656953604
0.024438360829943644;0.0012671430819967122
-0.8021326112088347;1.0525393892984165
-1.2533661834940812;-1.4395222604669335
0.2066571935178866;2.4903314241853454
0.4253865173013289;-1.672326921343959
-1.649411168331979;-0.6389938901128533
-0.7003673389947479;0.7689024659009744
0.4329984762922696;0.673660303910849
1.7097057513675846;0.661749947822075
-0.8922168603519548;0.3963023089607692
1.1770053196682868;-1.2872675832150189
-0.16316277601384424;2.1242617504935937
0.228950423766363;-0.8065070483117698
0.8596331267144269;-0.21186273945042886
-0.06466590122622384;-0.9290631013545426
1.2253957905596704;-0.1292110430386808
1.5131003833319827;1.5780458239296076
0.7558180869857292;0.013120318108867206
-0.6460660770308914;0.6185844033740083
0.5570909541233099;0.6312799757977177
-1.4740106770134176;0.7018810931283738
1.1150184149107987;1.313677082648045
0.560075271875064;-0.5516404290348212
-1.444705454047327;-0.8369252614170034
0.5446154218601197;-0.833844863875529
1.6898410282767096;-0.45780347594610243
-0.014375529504189277;-0.7722179034352414
1.1048640339732432;0.4446249218577247
-1.245812622789474;1.1418064274054054
0.0556829992433892;-0.18521970928425183
0.7909111236156391;-1.1446559566059236
1.1764063650678664;0.1382766430205912
0.23457424096550375;-1.5581159907862028
-0.5107519988162039;1.063866745544106
-0.7939773614919373;0.536286179162388
1.64797457831397;0.558262631744361
-0.4447118203622429;-0.12434457981302124
1.0467640299649865;2.0107746228296284
0.3734934535057503;-1.220338324880556
0.31660743696486554;-1.1437801912797683
0.6851338901853204;-2.3723621227443856
0.25922227333131476;-1.6636379272277706
-0.745248593884766;-0.40500129636418053
-1.4615716070116127;-0.8894683655890404
1.227903151282456;2.0928461899061577
-0.12251678408438016;-0.20470872475544435
0.5360217104066468;0.5218549075140215
-2.0262695713596974;0.6337037852611638
-1.7948469960937463;-1.0972204602064537
1.36843956717979;-1.1213154600162687
-1.4038400266608788;0.18202697429041248
2.2924975589431376;-1.1327775619225484
-0.05685378740263516;0.43309844806669606
-0.027249009207970572;0.4545355593138462
0.2957414672010268;-1.4810525971286979
0.2230746943633704;-0.9287321227208231
0.7016841257785345;-0.06337500671616841
-0.7384162136778439;-0.721890353853824
0.8615819210794847;-1.962994566435973
-1.3895321509735983;-0.6186514787256133
1.7521686677558375;-1.2460746989377738
0.4431115577268155;-0.08429804004521793
-1.0395035000198576;-2.226520668420296
-1.0077857007741557;0.7080170141570463
-0.5441147940464754;-0.07233102144041557
0.016086420299973224;0.7421837165889176
1.7341521532936461;-1.140245032313368
1.5383717961924532;-1.3855126302896215
0.7056491431303425;0.06730422663487617
0.11388965504734448;0.5755730909424921
1.0329198732595561;1.9698408393697486
0.6003516027121188;0.636596422931118
0.2156769283340724;-0.13238739878087086
-0.035025189501622214;-0.8455605184783409
1.7633370166739648;-0.05774033984444259
-0.2032982767080368;1.2022158491396766
1.5183474657875744;1.418063920893569
-0.6679346623713608;0.658653909382217
0.7010242434612258;1.2229275697472328
0.5490092919510117;0.48054671525951015
0.7584526330139842;-0.9320527716558638
-1.0026104752663476;1.51927198108694
-0.31950416922945907;0.2496076323691015
0.07784766154073404;2.4344976409991967
0.14251702220445678;-1.268758901549274
-1.0437197602201633;-0.686414922574091
0.26716561558798246;1.9275298895424033
1.064997863892846;0.41852976750243953
-1.2612740714066615;1.647179758011197
1.1640851290003724;-1.0082065151204012
0.11044543326252047;-0.2717921620403608
0.7960860530114269;-0.6251007113499985
-0.3744465379021773;1.0022044188683832
0.34346130595201985;-0.8153122625148657
-0.16304835381660043;-1.8910548054524872
-3.2144611222402277;0.739155111348104
-1.1052541036481986;-0.3865195414397832
-0.4388745932924711;0.9520601003283795
-1.4054872501483153;0.9757593849013977
-0.161734791132856;-0.14878403861193462
-0.6971159878244517;-2.327740815520009
0.6910252477412309;1.542179048460392
0.3426002500035099;1.2555341034464262
-0.12114087652504878;-0.6856929562400434
1.6205211366620331;-0.5569371145243979
0.9071099573459269;0.8336021926454109
-0.0030197918696226026;-0.8182289554879538
0.6366630079813314;0.2747114277783487
-1.4079935077273724;-0.7030601303535082
-1.2201800978498871;1.1829510822918174
-1.5046966793705312;-0.8647813004303656
0.20448055599296758;0.9406184991533868
-0.7325080390932646;-1.217010840940598
-0.5412851878847559;0.9069850439671384
0.2588133076238681;0.26666997163901307
0.47291578873108486;1.780549779239032
0.4104022711883646;-1.3452196599393351
-0.8250879567847149;0.21254034831349036
0.14528127362371246;-1.24343286430113
-0.9680047361311208;0.5712670807640514
-1.6131328789855253;-0.3112792767146867
-1.0933664074774305;-0.03449510066439332
-0.24923925296684346;0.026554211494404803
1.4009356393719201;-1.0010635628918843
0.015224641727786653;-1.0766591030348711
-0.27723746368691743;-0.3062930284820353
-0.9300932281172186;-0.8224159722943575
0.5962821235908051;-0.4876510513031064
0.23073298563000663;0.5652537253629596
-0.4517557623255779;0.14297183176950734
0.430707341773434;-1.6201535741077044
-0.11575875682987759;0.19375029340061722
-0.6237017653463393;-0.2301234212827569
1.1045304224451413;0.17251883715659888
-0.9326264278830717;1.4899116479869425
0.7939015990943913;1.0371313820935362
-0.7953468351661237;-0.23005446472725297
0.3807473398014151;0.28125047246031387
1.7669377917432363;0.7009955850464643
-0.9033296318028929;1.3280224121065358
0.4056738034652299;-0.5189763534327225
-0.5566843549355022;-0.9929330276000013
1.75803764164873;-0.07561948399312957
-0.4316004679523414;0.27169108397627517
-0.05934712074546731;2.4685645785142762
1.2427046294821973;-1.4321764856941024
-1.5924692397971685;1.2668555773213994
0.45069869568377896;-0.7567052349852659
1.0845825027788736;-0.45826422551547724
0.8999263740971617;0.9812591114676639
-0.1205878719610716;1.3307802078046023
-0.2628583354410711;-1.0754720914317328
-0.12184918538628388;0.6904245442354237
-0.28604472448620505;1.3273493645036851
1.8712636448934832;1.5105036783124093
-0.05968033397496598;0.4432398662059267
-2.261769736969796;1.6455896661234797
-0.02724506907979714;-0.9967608265981364
-0.7291134547720719;0.22231614572222413
0.8084202233804187;0.7681340134112591
-1.2502880090435198;0.3394760084727512
-1.694097262383723;-0.9624839362544948
0.5657918341813952;-1.2287178720610004
-0.1126915390545569;1.1248633250573203
1.228256587385373;-0.3516647004172694
0.16124376963008077;1.8312774844156547
-0.5406150800673788;0.8943481536732735
0.6410303867785513;1.2598684268427196
0.802483514101074;0.4091097551223732
-1.2841107776069705;1.2554183525698634
0.37107207903450534;-1.0671071700496593
-1.6430859512661034;0.2582492542555266
2.239721388718696;-0.029226739302355316
0.4808086494899182;0.048240155691417035
-0.6118805869621685;-0.24943796467519486
0.2477765019469787;-0.7442352173030132
-0.584800001496265;1.6003754670890151
0.3583234561817091;1.7400939200948584
0.5406586937165326;1.0569066412691415
-0.18932688994084607;0.7184901815747853
-0.7587700214889156;0.7006644050372558
0.45690416285758106;0.17142260246700056
0.013071936464986023;0.3437562057377754
0.3334419772561602;2.2521645147444485
0.2075026552940687;0.775578155947593
-0.3462514571682597;0.5421221225139886
0.9075715510679397;0.7791148637663594
-1.0141149462290264;1.9991620340879694
-0.0829111199743947;-0.17974835770530886
1.6925014172221349;-0.7513466240899566
0.09558627636611826;-0.45065732503435363
0.3389627787869056;-0.2458855335112462
-0.7409035922787539;-1.2208644108178355
-0.07889775678870596;-1.6623044839701486
-1.8144407452762306;0.4944304891389974
0.6003523002173365;0.7671919925254513
2.1925433036946242;-0.18476405678294683
-1.4878393036317163;1.308431395074261
-1.8226423815148176;-1.5546681535645306
-1.0039218435802457;-0.5209824255948048
0.20596662621103773;0.06515422074098898
-0.20282761313448538;0.06460184404230992
-0.4863662420709515;0.14655571294640637
-1.2829088968349327;-1.8144971500835207
0.6926999476731851;2.005394523415997
-0.042733537796111845;0.5306686557474434
1.305164584321321;0.5365940319696362
0.08331217819848716;-1.5055790455299087
-1.5074427629046083;1.462954339880295
0.3231602336798076;-0.9423498457946227
0.6374792995395695;-1.1134325523989086
-1.5755214065610204;1.5155173988543023
0.7693690440989341;-0.5074539041177158
-0.7368833370311362;0.09547521434889672
1.2343665952569776;1.2118934191861022
0.05614084855077197;-0.6600395893095993
0.1191153494404323;1.5378995499312464
1.0057366400110672;1.01816256295136
-1.3829890729935193;1.2219641155048722
0.22455167764678113;-0.28941663552561836
-1.0224501170527764;3.089512908357928
-1.2730903894221857;-0.8662934950651285
-1.5552236745845285;1.4121239037178734
1.033040526635513;0.28074489729675495
-0.6187299237299781;-0.30116730871086167
-0.3167347787290852;-0.2733964113727695
2.0252508257874715;0.16300682377740058
-0.21201023816776515;-0.7413610453011922
-0.26515155085345354;1.5066540331323366
-1.806420403778876;-0.060025369768685714
1.2289022490457744;0.28782886315810435
0.4513479268256156;0.20573851168843488
0.17734035997630673;0.5596420450176941
-2.8106929240143064;1.1202569444085915
-1.2175524244946383;-0.7974536917575226
0.41307141563778793;-0.8548500611933626
1.3458359770802866;-2.288030880966203
0.6447429451767598;-1.6724404198616751
-1.9483927210147165;0.37472371273237987
0.18768385379173316;0.3072367065659871
1.4954614130793176;-0.23761191859631914
0.8909380744092532;1.3340938215459148
-0.2185221072934164;-0.9680438251164925
0.7733417080124593;1.17608373793779
1.3044528201883574;1.347358306245875
-0.6952970169054645;-0.36674807446012647
-0.6269723244404578;0.5720478972192816
-0.07379663885244904;-0.12512726923867407
2.3337283490858978;-0.02108583738028743
0.7318791568220218;-0.30421221389561237
1.1044255527541282;-1.8786428377472335
0.8114688625418901;-1.718870030695283
0.2787833001301982;-0.6705917366725695
0.25646955903330293;0.09720881876592351
0.8068655794453412;1.6966944203853673
-1.8617065905505905;-0.2113368963168636
0.6503483917024617;0.5829614729755204
-1.602681125849925;-0.44658200298988004
-1.2250886749570418;0.552594402658385
0.5627163558928204;-0.9498080748810594
1.4778912826178874;-0.3111887702074381
0.6011129320388369;-0.0604201238458131
-0.36350352180896445;-0.5855467704355944
-1.7643748127329408;-0.19562058688897696
-1.0735782905463662;-1.6890070206023644
0.18610902875053842;0.4221447233816184
0.38918273282549054;0.05712961636953256
-2.4724603057812935;-1.0331543089104285
1.0788231592425044;-0.23100307187053482
-0.06075525560115585;-1.111633719266886
-1.5073694195315315;1.6734415196779504
1.1403282052324601;0.9303305877831228
-0.684825230785333;-0.057391426918988304
-0.5364280384094257;-0.3920090166829791
1.485848121558465;0.764365818356354
-2.292573692898856;-0.3220460852416205
-0.45257788021346346;-2.177150957934264
-1.2912946209200402;2.6271667027283234
0.759836704767594;0.7120532807646787
0.14030747990505774;-1.023173555101196
-0.16395492181299573;-1.1431736206881855
-2.1564395517677575;0.9563933813874359
-0.5389602190412477;-0.9752514631096958
-0.9310574003206287;0.19515248376967748
0.3649031680648937;1.356127438370703
0.19400472159510482;0.8365246815454229
-0.563264527424536;-1.1946476895084663
0.7054430922499803;-0.052557007721398735
-0.19186890771426757;-0.30683690727473695
1.1237183178928658;-0.12854391824235603
-0.6441412094211868;0.49239486277174965
-1.1334502476138089;1.7062302409587475
0.34000732930643657;0.5305810310421274
-0.145990653659995;0.30007408432366706
0.7372138293478195;-0.11027299380177341
2.4360353796807805;-1.02159184963964
-1.1434702812560857;1.54267015002696
0.596927749919716;1.0506195189051544
0.44647996088184244;-0.8790048544277576
-0.0632186254635304;-0.32805596885803173
0.19394330760068207;-2.0473370134233844
-0.417013451993535;1.575042178836971
-2.782718189843879;1.46952269901664
-0.7287629950713619;2.172262462047698
-0.9164945257327413;-0.8831848736212118
-0.6980942155816331;-0.6656117018108827
-0.08145557878366826;1.8266093406575334
0.8166478652813397;0.4258755840473441
0.10161769578215221;1.2604895065549835
-1.659091217213503;0.8089810161117182
-1.1800866716541836;-0.7097171227306546
0.40273347317255614;0.2905278429026969
-1.9716369571827572;-0.3240473541566217
-1.6977166214299495;-2.380996771997253
-2.172573930015953;0.19146899710263943
-0.7894915731023101;-2.4375763217526907
-0.9082150511618179;0.3422150171905876
-0.03740950160866294;0.40392101156022636
-0.2279566681629679;0.5089144917092142
1.4066196146386538;1.3259555353338413
1.2204907365943016;-0.8258107917778761
-1.8623907580830192;-0.2754385418406268
0.9347225597191606;0.16372096501053904
0.5533324903541494;-0.40621257452075105
1.24185431980478;0.33195598295376294
-1.8272823872845818;0.38857620265642373
-0.16002194236054182;-0.8262614383014043
-2.1084770099358163;1.7476261815830147
-0.038482152311956994;-0.18561718557613974
-1.001335243100734;0.4872097228435169
-1.666606959554391;-1.1360443057284624
-0.6602529486249319;1.200056829095769
2.448614212626408;0.4858459707537726
0.18906712188325142;-0.7229112038048586
1.989230949644315;0.10762925839520708
2.0353895889333655;1.2676970492445336
-0.6102637847842022;-0.35907753515473784
-0.5190069809529847;0.5629348211967733
0.0824504684463416;-0.6087819565002572
-0.23934269412338252;1.89875309903005
0.9218965630958026;0.1052478721974477
0.7200629417254262;-0.21576219492250936
0.3743513808133899;-0.28779442797560373
1.7628361772329044;0.003245931791897812
-1.0925667423734955;0.4061999258104289
1.240131258575;0.217164934418533
2.1922381823438872;-0.9417931965784389
-0.970345262257501;2.21849711881733
0.037173244199536375;-0.5370281155667681
1.241934580176858;-0.1491133553295155
1.0210867255809974;-0.22040624190948396
-0.55053187032545;0.3902538679164694
1.7670887531676662;0.44786843201820836
0.7427477596433889;0.474255153956234
0.92570188805598;-1.712543172411296
-0.11023019009198852;0.031025054352742793
-0.6826223279498709;-0.18131742558976383
-1.2822410148976302;0.44661252422563685
-0.3579566402979477;-0.04558540436128289
-0.4252714879504305;0.5596683553605372
-1.195464329407058;-0.41737488202412426
0.5842842285152589;-0.7775057383406699
1.0334773483742747;0.11354301432722774
-0.8504529854639163;0.20601470609842557
-0.08151836463515494;-2.02312766423613
-0.3511925030136603;0.363043481554579
0.4336420901622958;0.26730752037999533
-1.1593051663448128;-1.2080207954880369
0.3068707958637392;-0.780591659616897
-1.340501394088222;-0.29499776709656134
1.3647809792334833;0.5037691200365182
0.8705911052493367;-0.7564733704844707
1.690018630429022;1.9475457223674963
0.5036609364856505;-1.3709561346741657
-0.4431067305960615;-1.1210759197821583
0.9722393517780549;-1.1794212116285876
2.6687494849785063;-0.3315116949158701
0.17797752331254985;0.12116864975266971
-0.0058009684659841914;-1.3814235039899632
-0.6706259663656875;1.029347452974501
-1.8687052821769803;-1.0023995407330684
-1.36202170407552;-0.6615209933253856
0.966541195769647;-0.5521910702124587
-0.04035766284829146;-0.46405336328538105
-0.8665319571336149;0.3490785321598417
1.4962770492240098;-0.7527716210009302
-0.5706995442133311;0.7086469652114435
0.03871813345829261;-0.16571222593879495
-0.39156307574646465;-0.5861730659517916
-0.4329967907926189;1.0126734905685013
1.4496484364063407;1.2475530477670607
-0.16922364075303903;0.36255528603412607
-0.8985760907359637;0.41747770979705584
-0.22786338382618124;0.7028212707056537
2.35969163361333;-0.05261123226189721
0.3289496532004201;-0.05878029313705844
-0.6312404834576474;-0.38578893031792144
0.7810758634177546;-1.3715658563949742
1.0207632854994049;0.47215423567235243
0.22142771208762801;-0.21246394114865477
-0.1180465566335599;1.6647062599917395
-0.849345793928894;1.9351084838939714
0.28284376106690734;-0.6773066492218724
1.3019654322793994;2.241166861637795
0.15991714812816124;0.8764155483500932
-0.6550104813690097;-0.8619136019714223
1.6326295392529884;2.1919151732623217
-0.3844085442011477;0.2653014913339938
0.6126567712318801;-0.6984126248169367
-0.5650610667793968;2.3282860030450667
0.48060779320152974;-0.012913283857845606
-1.640019655368559;-0.2846793804010345
0.41574666134611904;2.1502398262492304
-1.6750161928518565;-0.8700713168066936
-0.02732252777062469;-1.5740650324314998
-0.6768717935662152;1.2962225854283105
1.1205965617966769;0.19395682000968684
1.4035698531449818;-0.6596130994938019
0.307874618089826;-1.285454312580143
0.4975739105149923;-0.5286237448936322
-0.5502095883646897;0.36651646200250526
2.188246066025189;-0.06859123293321687
0.17742689710182907;-0.5225081748235398
0.137160026186801;0.47349715583448926
0.14086886684025005;-0.7274169833551556
-2.000225209905356;-1.06734805189175
-0.177671585663655;1.5981586837266084
-0.882991423498421;1.0895914267840432
0.21689402152163084;0.4361981169525686
-1.4556308073063804;-0.20648646851877184
-0.448015849951594;0.5686929910768229
-0.6960485611252961;-1.1277324248999165
0.45110185803618075;1.0402207231922056
-0.522751623994689;0.14121350517503506
-0.4824928610434938;-0.15670990300260826
0.4839357759732294;-2.0166015002832767
2.3208864761111956;0.17624674866057755
0.17606125776560053;-0.36280203239816444
0.03812378654946092;0.27656904685266603
0.11605544152539501;1.1827719585109382
-0.19088160080877953;0.47630876976050346
-0.5845442848476577;0.7338685714960262
-0.6121280795225201;0.32846790036512713
-1.134956723778846;0.46790230339743794
-1.7098138910331815;-1.2783974851006534
-0.14052087402235114;-0.6331014344298507
0.5128652182094225;-1.8201787293261351
-1.3981704825987842;0.7261056952076261
1.2741562707150034;1.3360128210655198
-1.7190867289556562;0.31896379997868324
1.437984775372177;-0.39139886237523963
-1.3468403202411234;0.3429402378995476
-1.0386734479324338;-2.3689749218613687
-0.9004307153250855;-2.00558062040978
1.1744091518166622;0.08566785501007222
0.6470776915128423;0.6154208263911148
0.4410454905846717;-0.46001708077513626
-0.6511635628812927;0.778158335405926
-0.38236015327968537;0.1396877254464577
-0.08061549771182666;0.03025998193215056
-1.053050083327578;0.047550278861430297
2.132207856399979;-0.44166749806547473
-1.2176941510381047;-0.26719924882568385
0.8744222514235369;0.4372098853013536
1.0142730407690246;-0.044712008355160815
-1.1926084681303983;-1.465662641339228
0.6093151474483408;0.924023947610977
-0.2047927952656226;-0.2449755361544201
0.8543134443709228;0.16370675280889926
0.1265202207362798;0.06610537803655521
1.2963903485348147;-1.7892993288351093
-0.12788869827188148;-0.4009450281359579
1.8579376633905889;1.2947517819513408
1.8272483875571734;-0.46649374799625104
-0.06609444706840518;1.3930343002881846
0.3149212352142546;0.38482444749154904
0.4067340745612385;0.9456020654073827
1.0758290051184134;-2.171651764438152
-0.813147110304298;-0.7320664970910219
2.1788906990543975;-0.17215519152863054
-1.3520967245854485;0.6433197273269508
0.9700011905078318;0.27845621440720436
0.7215307677938051;2.2864540782647054
-2.174380137505174;0.16493745369220536
0.2552125980067871;-1.0892185649342638
0.03670530651941113;0.31669031865743685
-0.1456966361256634;0.6858147876627143
-1.974200522187648;-1.0479601195679324
1.8222661221280134;-1.3245898236303846
0.17794018435557113;-1.025318041248371
0.49416565318237626;-0.6264102693923094
0.2962484273557843;0.44763767942343546
-0.0014891266036711562;-0.20088675559230262
-0.12425049776322167;-0.752420337993088
-0.5358060532360066;0.428569462944378
-0.5336325834581973;-0.2989927912994891
-0.3329628979963973;-0.46169798105348403
0.38638109303356766;-0.15202318583840482
0.550616390474362;-1.151027537177024
1.3021524249231171;1.1445070502282595
-2.695428865004349;-0.36030116711395904
0.6380298829455044;1.3486260722959111
-0.20384557019634228;0.5731138527289961
-2.391903539980933;-0.2722197958114827
2.1205086033202676;-0.19680996256902986
-0.09337918827222376;-1.1278617055904618
1.0966594681264636;0.8345669722344553
1.2939341392012305;0.41947167624751325
0.006076419123432984;-0.2272583097624999
0.8901809356150683;-0.38079614139778667
-0.34519244009037553;0.648197605439243
0.3093903381059821;1.3457679127564957
-0.24012412010715875;-0.4842532605959301
0.4909630774767635;-0.7524293266262803
-0.24453360879340824;-1.1862593998055564
0.1303268302328902;-1.0817990488306837
0.4757068760523884;-0.33421835798577354
-0.5211679476683123;-0.7883827536866186
0.6982434878535247;-0.9789070651444468
-0.7520676634608388;-1.5319325661744054
-0.787867716207569;0.8871423386759758
-0.7841798463333666;-0.8552662125175111
0.2053142194914492;0.4079959437382233
0.914647990864198;-1.5969749397691728
-0.3539418769665726;0.03682884171550417
-1.539054322215098;1.4812586541926829
-0.7434268050778264;0.7836913024773421
0.26867302703188106;-0.11238900161485117
-0.1940844270284159;1.5343077476767757
-0.5424671789234431;-0.400897579137301
-2.4561972903948655;0.5061873005619154
-1.6578602991557778;1.3484320792336728
-0.4308297786958363;-1.6148589707592715
1.1245677995992307;0.2419503278762053
0.2412144283663477;2.2569919415684403
-0.2458069605316558;-1.2888497388558897
0.4892069259574717;2.4771602448865995
0.8476326302937377;-1.0437030972601002
1.1758376115625984;-1.7965478357285887
0.03402101776243376;1.7274505760506986
2.095821498082714;-1.0792142837183185
0.5262892808518763;-0.01989631744359129
-0.04547917617144227;0.3415625280741269
0.25761652474831237;-2.004074593576361
-2.6355978602887196;-0.41340685412766964
-0.3899793173416936;0.9816837488872476
-0.21587801243507407;-0.323179363892902
-0.8106371739863053;1.0098673879765707
0.04037950550692105;-0.09123796137344793
1.1811393162020447;1.5112113015691868
0.36578319450222807;0.46348389883617
0.5011466626453314;0.9976644924972559
-0.9138782392191344;-0.19672898820344345
0.23304792623924617;-0.973281297252936
0.6398055795116532;0.41997776684062504
0.4393243121585883;-0.15153622489273863
0.9766937405755526;-0.27109193625151495
0.07196232533882638;-1.00226412733796
1.138968599404857;-0.7839722740405028
0.6974582203668666;0.6472034481640296
-1.2607748700125088;-0.3530023181070266
1.1467637494955412;-0.03882192743359028
0.9354450907538796;0.16738783247329247
1.1341622863441125;-2.0796842879671287
-1.3554173924851627;-0.561475716346957
0.18944636560240713;2.7153273936154005
1.73159514313623;-1.379410180038005
0.08131924612991778;0.18050812521124687
-0.48905877952293364;0.4094885621995538
-0.9326288084249305;-0.4088313307488214
0.39355627531095994;0.157880516715172
-0.04230729564813667;0.23041055909249905
2.0069855352989907;-0.6084277557737136
-0.3209748667957257;0.10000861627196514
-0.22695648668197194;-0.18399001338151721
0.6468525790071897;-0.2039394680725511
-0.39359121083592213;1.0051581687032893
0.04845337601087723;0.3815048948501476
-0.2726501324024104;0.012772435151855154
-1.1171411590220526;0.9971554578884174
-1.2529643237899795;-1.7498927515664744
2.5485026011853624;0.17147896545025382
0.4066736881218106;-0.28267235364433324
-0.47367714710498604;-0.2592620967458996
-0.21629772690636082;0.07608135931398022
0.09116726049969534;0.27525094543361883
-0.7195587403947388;-0.29319293243323175
0.7782660887124783;1.3793245666207785
-0.4788676483067835;0.8125680885574676
0.20404779282609184;-1.0439520312223056
1.301410021476541;1.4370262020023288
-0.024617570950596978;-0.5332785386592584
0.4532237580274998;-0.4087437357617361
-0.9648614820489242;-0.22279335129911043
1.3477923416822128;-0.5055648391490747
-0.5723680556552919;0.6967468531389164
-1.3064708162402376;-0.7308948938877203
-1.115866585656847;-0.5835932861706807
1.2265740707793569;-1.3488127299001005
1.2076798058306781;0.4194253606999182
-0.9955415088911745;-0.6721588403243551
1.423901417347693;-0.1432309060553537
-0.347387017881187;0.22313106442114733
-1.0980664461110494;0.4804848186130381
1.3856707505583192;0.1931005416339713
0.46043917389971883;0.8509249127353353
-0.7047765388400721;0.3841775237445183
-0.2252771069695464;0.23141008645085998
0.6833413325821103;1.6726653839631294
1.290211715170574;-0.6512594944659513
-0.06430763063005492;-0.42609851653156033
0.05957937786871207;-0.30158188744665027
-0.013615169408832856;-1.2690694273163345
1.274195714948526;0.2276621091213369
0.0016464701155143788;0.5351268804763024
-0.44036362578869565;-1.4920374395170466
-0.06125407013174023;-0.09220848071430687
1.4282355120554477;-0.9824612636787068
-0.3068543739910391;0.4026994744221773
-1.319382883276024;-0.035331081582444586
0.23364629423573796;-0.9879843754853217
-0.2063080827725018;0.43626115480974226
2.6834481698538943;0.21782996422760617
-1.452706735333061;0.03287149145893046
-0.3941305985960962;0.06089601866602457
-1.2617518385305901;0.8604372076205089
-0.7582185054739272;-1.5453172452872865
0.5621588553375794;1.8587569397602195
2.1124011530677933;-0.4774101307079752
-0.7760327698462983;-0.1420460883576531
2.502034271807844;0.4753724801426259
0.7564637123115187;-0.6385165260367843
-0.34094066093956027;1.1178683021800344
0.2756681121178377;-1.7206888134449814
0.1360239125991771;0.5831452811511169
-0.37125905320827496;0.8797269304584371
1.261949963434863;0.09300645030886727
-0.22028753663800968;-1.2658437459643344
1.0972629688724451;-0.6932355223862792
0.49623379292553926;0.8963261146130665
-0.9478956973031583;0.2066486967089356
-0.8132938122527423;0.3020020141377391
0.23715800948872912;0.7612845651193729
-0.991401508111906;0.3137681713509486
-0.6943803753886424;1.1736352957138163
0.015507050340181126;1.0352658287723842
1.4729212868459547;-0.4664204657731282
2.0725586648344065;-0.8601228490393245
-1.5209752214512264;-1.3335581243707457
0.6441566472316022;2.0447921204970907
0.9884773733926738;0.42791968070677333
-0.9558373730307799;1.4917009210907508
-1.3977857169549024;0.06826182979080521
-0.7031898471083294;-0.44228297258231203
-0.2636530721142255;-0.5039320071639002
2.0483179758313077;-0.9405867763564563
-0.25739674340593605;0.18841559861257046
-0.4100133725230471;1.2517272904453354
-0.9018211431494269;0.3426246864520047
-1.1803728305275936;-0.42420847514173904
-0.6120423171837552;0.12349638749281497
0.1598674388663353;-0.556868377011048
-0.9590611694074773;-0.5162309720541648
-0.2533233229800582;-0.20356278894842095
-0.31130023691271913;0.1407962118233434
-2.7615468259315157;-0.8657168931056067
-1.3299157509556305;0.5974026626785433
1.765919604566476;1.1332196662065706
-0.558939660072501;0.23888054479707688
-0.7317527569735114;0.1747101677034199
0.6952291551500176;0.35725943545731836
0.46311136734283476;0.9614891510642577
-0.517912048456463;-2.002637213853846
0.5737274907507357;-0.01226373811553061
0.9155477457336538;0.2028911782716184
-1.0355811786915348;1.8915439315147478
-0.7348218979009183;1.9360879976699883
0.8758624605579444;0.09624365538081435
1.3042052335344734;0.9994334586035628
-1.7796082806797655;-0.7641075213867629
-1.5715651961055246;-0.5381925018864437
0.5429675490325517;-1.519892769354106
1.4177405169415187;0.19984825189826783
-0.32013056009595586;0.5587651157126209
-2.1557165194264356;1.4036076919820235
-0.32571043572033526;0.7409096202432583
0.8899426079216278;-1.1464701433489495
0.08734462666377547;0.6667998952541222
-0.36927440136112705;0.3037945635056758
0.7855974756112328;1.242659872576994
-0.523535617467384;-1.2212848786126034
0.5412997470494594;-0.23084839292084658
1.3314173953118822;-1.0064172638532707
-1.698398260188264;0.5962766477641802
0.8638036920258204;1.9391576644978612
-0.274091061953303;2.84821747349747
-0.17245828340854608;0.7865658584182966
-0.32027797660291146;-1.5744242747987511
-0.9154918493109097;1.7575815158947086
1.0704891510880294;-0.9774223151308192
-2.2628961383376898;1.4696749515997662
0.4158684065499235;-0.1472971890468987
0.019338721197378624;1.073685376256646
-0.6823695127799817;-0.24388494672632574
-1.0161611412857228;-0.03295261249211567
-0.03689636116609238;2.3473044204827245
1.8891215671143873;-0.24916053284232406
0.37244300675926195;1.3976617447153532
-1.1040768728390962;-0.3119193376858606
0.7596635070069895;-0.8038410214437651
0.8650214111858242;-1.1763539251103705
-0.37985744155939294;0.9216925010377071
-0.7052849191125965;0.23601110024692454
0.9958482499725603;-2.1357003433655875
1.4653150943824025;-1.034162498523082
-1.4207545907732932;-1.634355591214157
0.841833053414415;0.39096516219088956
-1.339033554367784;1.6414501575963163
0.4135835886825957;0.9915000241156093
-0.1912966150446496;-0.4911136375681212
1.1440256781899847;-1.3175588214820724
-0.11292420653449252;-0.1509977731058239
-0.028179153844574322;-1.1170438800043019
-0.27151117011784115;1.40429012027875
0.33448997099194433;0.35002348106239806
0.3236574187443124;0.8635857947986513
0.0989430074377582;1.0692390849651858
-1.3793474680305258;-0.3863842317519637
1.066239536871864;0.8647860451430484
0.19588995828440542;-0.9494656793299989
1.6299522502969086;0.25292136370565005
-0.865501156867155;1.1416104821801536
1.2807549135139702;0.48258082840004013
-1.681515042917767;1.0501616913199439
-0.5221539558834947;0.5056998191805055
0.420709899390606;-0.646685911850531
0.96721572631256;-2.2605032900638955
-0.30820456141949626;0.768315967952215
1.1834112895325308;1.840670061563862
-0.5326570488739522;1.3049213214302533
1.1459744896699526;-0.8456878890969852
0.5473575904219711;-0.6825433741039677
0.504676019383396;1.1869526696117503
1.0557089160330553;0.9601888418619524
-1.6311713898780935;-1.215441994391073
1.4156855322582496;-0.25177974029174144
-0.9532015459050777;-0.20437256511701218
1.4626548812100089;-0.7558005494493486
0.33273724485157546;0.956795222558661
0.18395001570382577;0.10302754081363937
-1.7465012924344825;-0.7134451525077711
1.268633364321644;-2.428404797672855
1.4461260010567165;0.12721969278287554
0.7627170541367945;-0.5098639155027758
-0.32823216763949287;-0.7601526355346607
1.1299422517080269;0.8878815091764206
-0.6565414506525098;-0.5423759928728055
0.2398920672448443;-0.0878246744292627
-0.26935314600921667;0.2031179911791586
0.900069118881143;0.38054212182723757
1.4602030649562432;-0.660999450981414
0.6054402491622843;-0.7272249090387434
-0.611767124752739;-0.4318319342392883
-0.3842262389083443;-0.5604530609051763
-0.3879249012337853;-0.008365139151222424
0.47059274652371125;0.6231015057161338
0.9200023047657145;0.35830405730471937
2.672748324297168;0.5982779169067788
-0.6287794507822562;-1.3184377384127959
1.1881855459585828;0.5450182926055078
1.6560039718972475;-0.11467930189675159
-0.08058908857395049;1.1525750468127316
0.8278747196673122;0.6799051470710263
0.8505442650952352;-1.5151435308840557
1.2324004308335677;0.4192700994320821
-0.282225528292522;-1.154575257115387
0.06302322058958257;-1.4586045800610516
-0.16333306782382156;1.0080161729879458
0.24316915783134782;-0.8267657540137344
-0.06866208962289781;-1.3746748717247677
-1.046175373374291;-0.38211562237884616
-0.8783804036115043;-1.0582789063846116
0.5094948277765937;0.8960598808754915
-0.054093220729607705;-0.468514707297945
-0.518206411289871;1.967925763263928
0.1703990680932327;2.0053934184337265
1.9282488124204986;0.17133808245869342
